<?xml version="1.0" encoding="UTF-8"?>
<!--
 [y] hybris Platform

 Copyright (c) 2017 SAP SE or an SAP affiliate company.  All rights reserved.

 This software is the confidential and proprietary information of SAP
 ("Confidential Information"). You shall not disclose such Confidential
 Information and shall use it only in accordance with the terms of the
 license agreement you entered into with SAP.
-->
<actions>
  <action>
    <id>0</id>
    <name>DoNothing</name>
    <sequencenr>0</sequencenr>
    <classid>0</classid>
    <domain>4000</domain>
    <type>1</type>
    <inputdocumentation></inputdocumentation>
    <outputdocumentation></outputdocumentation>
  </action>
  <action>
    <id>1</id>
    <name>FlowLayout-Frame-Tag (load)</name>
    <sequencenr>0</sequencenr>
    <classid>0</classid>
    <domain>4000</domain>
    <type>1</type>
    <inputdocumentation></inputdocumentation>
    <outputdocumentation></outputdocumentation>
  </action>
  <action>
    <id>2</id>
    <name>Setting Table And Column Widths with Hybris Methods</name>
    <sequencenr>100</sequencenr>
    <classid>0</classid>
    <domain>4000</domain>
    <type>24</type>
    <inputdocumentation></inputdocumentation>
    <outputdocumentation></outputdocumentation>
  </action>
  <action>
    <id>101</id>
    <name>Samples^Add New Language</name>
    <sequencenr>210</sequencenr>
    <classid>3</classid>
    <domain>4000</domain>
    <type>10</type>
    <inputdocumentation></inputdocumentation>
    <outputdocumentation></outputdocumentation>
  </action>
  <action>
    <id>102</id>
    <name>Crossreferences</name>
    <sequencenr>21</sequencenr>
    <classid>0</classid>
    <domain>4000</domain>
    <type>10</type>
    <inputdocumentation></inputdocumentation>
    <outputdocumentation></outputdocumentation>
  </action>
  <action>
    <id>200</id>
    <name>Samples^Build PDF For Server ,, Document</name>
    <sequencenr>200</sequencenr>
    <classid>3</classid>
    <domain>4000</domain>
    <type>10</type>
    <inputdocumentation></inputdocumentation>
    <outputdocumentation></outputdocumentation>
  </action>
  <action>
    <id>201</id>
    <name>build page previews</name>
    <sequencenr>0</sequencenr>
    <classid>0</classid>
    <domain>4000</domain>
    <type>10</type>
    <inputdocumentation></inputdocumentation>
    <outputdocumentation></outputdocumentation>
  </action>
  <action>
    <id>202</id>
    <name>build page image previews</name>
    <sequencenr>0</sequencenr>
    <classid>0</classid>
    <domain>4000</domain>
    <type>10</type>
    <inputdocumentation></inputdocumentation>
    <outputdocumentation></outputdocumentation>
  </action>
  <action>
    <id>203</id>
    <name>build page PDF previews</name>
    <sequencenr>0</sequencenr>
    <classid>0</classid>
    <domain>4000</domain>
    <type>10</type>
    <inputdocumentation></inputdocumentation>
    <outputdocumentation></outputdocumentation>
  </action>
  <action>
    <id>205</id>
    <name>Create Preview images and a PDFs for a chapter</name>
    <sequencenr>0</sequencenr>
    <classid>0</classid>
    <domain>4000</domain>
    <type>10</type>
    <inputdocumentation></inputdocumentation>
    <outputdocumentation></outputdocumentation>
  </action>
  <action>
    <id>206</id>
    <name>Create Preview images and a PDFs for a publication</name>
    <sequencenr>0</sequencenr>
    <classid>0</classid>
    <domain>4000</domain>
    <type>10</type>
    <inputdocumentation></inputdocumentation>
    <outputdocumentation></outputdocumentation>
  </action>
  <action>
    <id>220</id>
    <name>Create Preview images for pages in a chapter</name>
    <sequencenr>0</sequencenr>
    <classid>0</classid>
    <domain>4000</domain>
    <type>10</type>
    <inputdocumentation></inputdocumentation>
    <outputdocumentation></outputdocumentation>
  </action>
  <action>
    <id>221</id>
    <name>Create Preview PDF for a chapter</name>
    <sequencenr>0</sequencenr>
    <classid>0</classid>
    <domain>4000</domain>
    <type>10</type>
    <inputdocumentation></inputdocumentation>
    <outputdocumentation></outputdocumentation>
  </action>
  <action>
    <id>222</id>
    <name>Create Preview images for pages in a publication</name>
    <sequencenr>0</sequencenr>
    <classid>0</classid>
    <domain>4000</domain>
    <type>10</type>
    <inputdocumentation></inputdocumentation>
    <outputdocumentation></outputdocumentation>
  </action>
  <action>
    <id>223</id>
    <name>Create Preview PDF for a publication</name>
    <sequencenr>0</sequencenr>
    <classid>0</classid>
    <domain>4000</domain>
    <type>10</type>
    <inputdocumentation></inputdocumentation>
    <outputdocumentation></outputdocumentation>
  </action>
  <action>
    <id>250</id>
    <name>Server based page adaption</name>
    <sequencenr>0</sequencenr>
    <classid>0</classid>
    <domain>4000</domain>
    <type>10</type>
    <inputdocumentation></inputdocumentation>
    <outputdocumentation></outputdocumentation>
  </action>
  <action>
    <id>251</id>
    <name>Page adaptation with all previews</name>
    <sequencenr>0</sequencenr>
    <classid>0</classid>
    <domain>4000</domain>
    <type>10</type>
    <inputdocumentation></inputdocumentation>
    <outputdocumentation></outputdocumentation>
  </action>
  <action>
    <id>252</id>
    <name>Page adaptation with image previews</name>
    <sequencenr>0</sequencenr>
    <classid>0</classid>
    <domain>4000</domain>
    <type>10</type>
    <inputdocumentation></inputdocumentation>
    <outputdocumentation></outputdocumentation>
  </action>
  <action>
    <id>253</id>
    <name>Page adaptation with PDF previews</name>
    <sequencenr>0</sequencenr>
    <classid>0</classid>
    <domain>4000</domain>
    <type>10</type>
    <inputdocumentation></inputdocumentation>
    <outputdocumentation></outputdocumentation>
  </action>
  <action>
    <id>350</id>
    <name>Automatic Buildup (selected items),,Document F9</name>
    <sequencenr>50</sequencenr>
    <classid>3</classid>
    <domain>4000</domain>
    <type>10</type>
    <inputdocumentation></inputdocumentation>
    <outputdocumentation></outputdocumentation>
  </action>
  <action>
    <id>20032</id>
    <name>Get jobs and comments for active page from hybris,,Document</name>
    <sequencenr>51</sequencenr>
    <classid>3</classid>
    <domain>4000</domain>
    <type>10</type>
    <inputdocumentation></inputdocumentation>
    <outputdocumentation></outputdocumentation>
  </action>
  <action>
    <id>20033</id>
    <name>Push jobs and comments for active page to hybris,,Document</name>
    <sequencenr>52</sequencenr>
    <classid>3</classid>
    <domain>4000</domain>
    <type>10</type>
    <inputdocumentation></inputdocumentation>
    <outputdocumentation></outputdocumentation>
  </action>
  <action>
    <id>20034</id>
    <name>Comment Lib</name>
    <sequencenr>0</sequencenr>
    <classid>0</classid>
    <domain>0</domain>
    <type>0</type>
    <inputdocumentation></inputdocumentation>
    <outputdocumentation></outputdocumentation>
  </action>
  <action>
    <id>352</id>
    <name>Samples^Flowlayout Buildup (selected items),,Document Ctrl+F9</name>
    <sequencenr>190</sequencenr>
    <classid>3</classid>
    <domain>4000</domain>
    <type>10</type>
    <inputdocumentation></inputdocumentation>
    <outputdocumentation></outputdocumentation>
  </action>
  <action>
    <id>400</id>
    <name>Samples^Fit Frame to Content ,, Document</name>
    <sequencenr>180</sequencenr>
    <classid>14</classid>
    <domain>4000</domain>
    <type>10</type>
    <inputdocumentation></inputdocumentation>
    <outputdocumentation></outputdocumentation>
  </action>
  <action>
    <id>500</id>
    <name>Set Active Language</name>
    <sequencenr>70</sequencenr>
    <classid>3</classid>
    <domain>4000</domain>
    <type>10</type>
    <inputdocumentation></inputdocumentation>
    <outputdocumentation></outputdocumentation>
  </action>
  <action>
    <id>501</id>
    <name>Set Active Publication</name>
    <sequencenr>60</sequencenr>
    <classid>3</classid>
    <domain>4000</domain>
    <type>10</type>
    <inputdocumentation></inputdocumentation>
    <outputdocumentation></outputdocumentation>
  </action>
  <action>
    <id>502</id>
    <name>Set Active MediaContext</name>
    <sequencenr>80</sequencenr>
    <classid>3</classid>
    <domain>4000</domain>
    <type>10</type>
    <inputdocumentation></inputdocumentation>
    <outputdocumentation></outputdocumentation>
  </action>
  <action>
    <id>503</id>
    <name>Create Previews ,, Document</name>
    <sequencenr>85</sequencenr>
    <classid>3</classid>
    <domain>4000</domain>
    <type>10</type>
    <inputdocumentation></inputdocumentation>
    <outputdocumentation></outputdocumentation>
  </action>
  <action>
    <id>504</id>
    <name>Set element status</name>
    <sequencenr>90</sequencenr>
    <classid>3</classid>
    <domain>4000</domain>
    <type>10</type>
    <inputdocumentation></inputdocumentation>
    <outputdocumentation></outputdocumentation>
  </action>
  <action>
    <id>510</id>
    <name>Environment Information</name>
    <sequencenr>150</sequencenr>
    <classid>3</classid>
    <domain>4000</domain>
    <type>10</type>
    <inputdocumentation></inputdocumentation>
    <outputdocumentation></outputdocumentation>
  </action>
  <action>
    <id>600</id>
    <name>Dialogs</name>
    <sequencenr>0</sequencenr>
    <classid>0</classid>
    <domain>4000</domain>
    <type>0</type>
    <inputdocumentation></inputdocumentation>
    <outputdocumentation></outputdocumentation>
  </action>
  <action>
    <id>601</id>
    <name>Page Build Lib</name>
    <sequencenr>0</sequencenr>
    <classid>0</classid>
    <domain>4000</domain>
    <type>0</type>
    <inputdocumentation></inputdocumentation>
    <outputdocumentation></outputdocumentation>
  </action>
  <action>
    <id>700</id>
    <name>doppelklick productrecherche</name>
    <sequencenr>0</sequencenr>
    <classid>0</classid>
    <domain>4000</domain>
    <type>0</type>
    <inputdocumentation></inputdocumentation>
    <outputdocumentation></outputdocumentation>
  </action>
  <action>
    <id>701</id>
    <name>doppelklick dokumentsuche</name>
    <sequencenr>0</sequencenr>
    <classid>0</classid>
    <domain>4000</domain>
    <type>0</type>
    <inputdocumentation></inputdocumentation>
    <outputdocumentation></outputdocumentation>
  </action>
  <action>
    <id>702</id>
    <name>doppelklick previews</name>
    <sequencenr>0</sequencenr>
    <classid>0</classid>
    <domain>4000</domain>
    <type>0</type>
    <inputdocumentation></inputdocumentation>
    <outputdocumentation></outputdocumentation>
  </action>
  <action>
    <id>1013</id>
    <name>common build functions for including</name>
    <sequencenr>0</sequencenr>
    <classid>0</classid>
    <domain>4000</domain>
    <type>0</type>
    <inputdocumentation></inputdocumentation>
    <outputdocumentation></outputdocumentation>
  </action>
  <action>
    <id>1014</id>
    <name>TableCell (load)</name>
    <sequencenr>0</sequencenr>
    <classid>0</classid>
    <domain>4000</domain>
    <type>1</type>
    <inputdocumentation></inputdocumentation>
    <outputdocumentation></outputdocumentation>
  </action>
  <action>
    <id>1015</id>
    <name>getRows</name>
    <sequencenr>0</sequencenr>
    <classid>0</classid>
    <domain>4000</domain>
    <type>23</type>
    <inputdocumentation></inputdocumentation>
    <outputdocumentation></outputdocumentation>
  </action>
  <action>
    <id>1016</id>
    <name>getColumns</name>
    <sequencenr>0</sequencenr>
    <classid>0</classid>
    <domain>4000</domain>
    <type>23</type>
    <inputdocumentation></inputdocumentation>
    <outputdocumentation></outputdocumentation>
  </action>
  <action>
    <id>9971</id>
    <name>Move comment to note layer</name>
    <sequencenr>0</sequencenr>
    <classid>0</classid>
    <domain>4000</domain>
    <type>0</type>
    <inputdocumentation></inputdocumentation>
    <outputdocumentation></outputdocumentation>
  </action>
  <action>
    <id>10038</id>
    <name>Schriftgroessen proportional in min(X/Y-Richtung) anpassen</name>
    <sequencenr>1400</sequencenr>
    <classid>0</classid>
    <domain>0</domain>
    <type>35</type>
    <inputdocumentation>Unbenutzte Klasse 1##123##Die Aktion passt die Schriftgroessen im Rahmen an. Das Minimum der Rahmenaenderung wird verwendet.</inputdocumentation>
    <outputdocumentation>Minimal##Maximal##Nur ganzzahlige Schriftgroesse##</outputdocumentation>
  </action>
  <action>
    <id>10039</id>
    <name>Rahmen an Inhalt anpassen</name>
    <sequencenr>110</sequencenr>
    <classid>0</classid>
    <domain>0</domain>
    <type>35</type>
    <inputdocumentation>Unbenutzte Klasse 1##123##Rahmen an die Groesse seines Inhaltes anpassen.</inputdocumentation>
    <outputdocumentation>## ## ##</outputdocumentation>
  </action>
  <action>
    <id>10040</id>
    <name>Tabellen anpassen</name>
    <sequencenr>1600</sequencenr>
    <classid>0</classid>
    <domain>0</domain>
    <type>35</type>
    <inputdocumentation>Unbenutzte Klasse 1##123##Tabellenspalten gleichmaessig verbreitern, so dass die Tabellen die Rahmenbreite ausfuellen.</inputdocumentation>
    <outputdocumentation>1. Tabelle##Letzte Tabelle##Startspalte##Unbenutzt</outputdocumentation>
  </action>
  <action>
    <id>20040</id>
    <name>Rahmengroesse in X / Y anpassen</name>
    <sequencenr>99999999</sequencenr>
    <classid>0</classid>
    <domain>0</domain>
    <type>0</type>
    <inputdocumentation>Unbenutzte Klasse 1##123</inputdocumentation>
    <outputdocumentation>Startspalte##Endspalte##</outputdocumentation>
  </action>
  <action>
    <id>20041</id>
    <name>Rahmengroesse in Min(X / Y) anpassen</name>
    <sequencenr>99999999</sequencenr>
    <classid>0</classid>
    <domain>0</domain>
    <type>0</type>
    <inputdocumentation>Unbenutzte Klasse 1##123</inputdocumentation>
    <outputdocumentation>Startspalte##Endspalte##</outputdocumentation>
  </action>
  <action>
    <id>20042</id>
    <name>Bild + Rahmenskalieren Min(X / Y) anpassen</name>
    <sequencenr>99999999</sequencenr>
    <classid>0</classid>
    <domain>0</domain>
    <type>0</type>
    <inputdocumentation>Unbenutzte Klasse 1##123</inputdocumentation>
    <outputdocumentation>Startspalte##Endspalte##</outputdocumentation>
  </action>
  <action>
    <id>20043</id>
    <name>Rahmengroesse + Schrift in Min(X / Y) anpassen</name>
    <sequencenr>99999999</sequencenr>
    <classid>0</classid>
    <domain>0</domain>
    <type>0</type>
    <inputdocumentation>Unbenutzte Klasse 1##123</inputdocumentation>
    <outputdocumentation>Startspalte##Endspalte##</outputdocumentation>
  </action>
  <action>
    <id>20044</id>
    <name>Bildskalieren in Min(X / Y) anpassen</name>
    <sequencenr>99999999</sequencenr>
    <classid>0</classid>
    <domain>0</domain>
    <type>0</type>
    <inputdocumentation>Unbenutzte Klasse 1##123</inputdocumentation>
    <outputdocumentation>Startspalte##Endspalte##</outputdocumentation>
  </action>
  <action>
    <id>20045</id>
    <name>____Test</name>
    <sequencenr>99999999</sequencenr>
    <classid>0</classid>
    <domain>0</domain>
    <type>0</type>
    <inputdocumentation>Unbenutzte Klasse 1##123</inputdocumentation>
    <outputdocumentation>####</outputdocumentation>
  </action>
  <action>
    <id>20047</id>
    <name>Ausschnitt anwenden</name>
    <sequencenr>99999999</sequencenr>
    <classid>0</classid>
    <domain>0</domain>
    <type>35</type>
    <inputdocumentation>Unbenutzte Klasse 1##123##Rahmen um verbotene Bildausschnitte einschraenken. Keine weiteren Angaben noetig.</inputdocumentation>
    <outputdocumentation>Unbenutzt##Unbenutzt##Unbenutzt##Unbenutzt</outputdocumentation>
  </action>
  <action>
    <id>20051</id>
    <name>Bild festhalten</name>
    <sequencenr>4020</sequencenr>
    <classid>0</classid>
    <domain>0</domain>
    <type>35</type>
    <inputdocumentation>Unbenutzte Klasse 1##123##Bild an dieser Stelle festhalten</inputdocumentation>
    <outputdocumentation>X (links, mitte, rechts)##Y (oben, mitte, unten)## ##</outputdocumentation>
  </action>
  <action>
    <id>20052</id>
    <name>Schriftgroessen proportional in X-Richtung anpassen</name>
    <sequencenr>1200</sequencenr>
    <classid>0</classid>
    <domain>0</domain>
    <type>35</type>
    <inputdocumentation>Unbenutzte Klasse 1##123##Die Aktion passt die Schriftgroessen proportional der Veraenderung der Rahmenbreite an.</inputdocumentation>
    <outputdocumentation>Minimal in pt##Maximal in pt##Nur ganzzahlige Schriftgroesse##</outputdocumentation>
  </action>
  <action>
    <id>20053</id>
    <name>Bild am Referenzpunkt skalieren</name>
    <sequencenr>4040</sequencenr>
    <classid>0</classid>
    <domain>0</domain>
    <type>35</type>
    <inputdocumentation>Unbenutzte Klasse 1##123##Bild mit Referenzpunkt proportional an Rahmengroesse anpassen. Zusatzparamter :</inputdocumentation>
    <outputdocumentation>X (links, mitte, rechts)##Y (oben, mitte, unten)##Erlaubte Skalierung (Min-Max)##Kuerzere Seite verwenden</outputdocumentation>
  </action>
  <action>
    <id>20054</id>
    <name>Schriftgroessen proportional in Y-Richtung anpassen</name>
    <sequencenr>1300</sequencenr>
    <classid>0</classid>
    <domain>0</domain>
    <type>35</type>
    <inputdocumentation>Unbenutzte Klasse 1##123##Die Aktion passt die Schriftgroessen proportional der Veraenderung der Rahmenbreite an.</inputdocumentation>
    <outputdocumentation>Minimal in pt##Maximal in pt##Nur ganzzahlige Schriftgroesse##</outputdocumentation>
  </action>
  <action>
    <id>20059</id>
    <name>Bildrahmenbreite/hoehe proportional an Hoehe/Breite anpassen</name>
    <sequencenr>4020</sequencenr>
    <classid>0</classid>
    <domain>0</domain>
    <type>35</type>
    <inputdocumentation>Unbenutzte Klasse 1##123##Die Aktion passt die Rahmenbreite proportional (Y) an die neue Rahmenbreite an bzw. ungekehrt (Y). Skaliert den Bildinhalt</inputdocumentation>
    <outputdocumentation>X-Bezugspunkt (links, mitte, rechts)##Y-Bezugspunkt (oben, mitte, unten) ## Breite (X), Hoehe (Y) ##</outputdocumentation>
	</action>
</actions>
