<?xml version="1.0" encoding="utf-8"?>
<!--
 [y] hybris Platform

 Copyright (c) 2017 SAP SE or an SAP affiliate company.  All rights reserved.

 This software is the confidential and proprietary information of SAP
 ("Confidential Information"). You shall not disclose such Confidential
 Information and shall use it only in accordance with the terms of the
 license agreement you entered into with SAP.
-->
<!--
	file:	 pageitems.xml
-->
<pageitems>
  <pageitem>
    <id>0</id>
    <name></name>
    <description></description>
    <data>
      <src></src>
    </data>
    <preview>
      <src></src>
    </preview>
    <type>
      <id>0</id>
      <name></name>
    </type>
    <state>
      <id>0</id>
      <value></value>
    </state>
    <domain>
      <id>0</id>
      <name></name>
    </domain>
    <placeholder>
      <id>0</id>
      <name></name>
    </placeholder>
    <leftpos>0.0</leftpos>
    <toppos>0.0</toppos>
    <rightpos>0.0</rightpos>
    <bottompos>0.0</bottompos>
    <spread>
      <position></position>
      <leftitem>0</leftitem>
      <middleitem>0</middleitem>
      <rightitem>0</rightitem>
      <scriptid>0</scriptid>
      <continue>0</continue>
    </spread>
    <kind></kind>
    <memberships></memberships>
    <magnets>0</magnets>
    <active>0</active>
    <buildSupportScript>0</buildSupportScript>
    <textflowPrefix1Action>0</textflowPrefix1Action>
    <textflowPrefix1></textflowPrefix1>
    <textflowPrefixNAction>0</textflowPrefixNAction>
    <textflowPrefixN></textflowPrefixN>
    <color>0</color>
    <record>
      <id>0</id>
      <id2>0</id2>
      <id3>0</id3>
      <stringid></stringid>
    </record>
  </pageitem>
  <pageitem>
    <id>6</id>
    <name>TableTemplate for Automatic Tables</name>
    <description></description>
    <data>
      <src>pageitems\data\6.indd</src>
    </data>
    <preview>
      <src>pageitems\preview\6.gif</src>
    </preview>
    <type>
      <id>0</id>
      <name>No Type</name>
    </type>
    <state>
      <id>0</id>
      <value>no status</value>
    </state>
    <domain>
      <id>0</id>
      <name>no editor</name>
    </domain>
    <placeholder>
      <id>0</id>
      <name></name>
    </placeholder>
    <leftpos>36.0</leftpos>
    <toppos>61.889764</toppos>
    <rightpos>170.568898</rightpos>
    <bottompos>81.898065</bottompos>
    <spread>
      <position></position>
      <leftitem>0</leftitem>
      <middleitem>0</middleitem>
      <rightitem>0</rightitem>
      <scriptid>0</scriptid>
      <continue>0</continue>
    </spread>
    <kind>table</kind>
    <memberships></memberships>
    <magnets>0</magnets>
    <active>0</active>
    <buildSupportScript>0</buildSupportScript>
    <textflowPrefix1Action>0</textflowPrefix1Action>
    <textflowPrefix1></textflowPrefix1>
    <textflowPrefixNAction>0</textflowPrefixNAction>
    <textflowPrefixN></textflowPrefixN>
    <color>0</color>
    <record>
      <id>0</id>
      <id2>0</id2>
      <id3>0</id3>
      <stringid></stringid>
    </record>
  </pageitem>
  <pageitem>
    <id>7</id>
    <name>TextBlockDefault</name>
    <description></description>
    <data>
      <src>pageitems\data\7.indd</src>
    </data>
    <preview>
      <src>pageitems\preview\7.gif</src>
    </preview>
    <type>
      <id>0</id>
      <name>ohne Typangabe</name>
    </type>
    <state>
      <id>0</id>
      <value>ohne Statusangabe</value>
    </state>
    <domain>
      <id>0</id>
      <name>kein Mandant</name>
    </domain>
    <placeholder>
      <id>0</id>
      <name></name>
    </placeholder>
    <leftpos>-332.399503</leftpos>
    <toppos>661.800098</toppos>
    <rightpos>-48.352259</rightpos>
    <bottompos>770.933956</bottompos>
    <spread>
      <position></position>
      <leftitem>0</leftitem>
      <middleitem>0</middleitem>
      <rightitem>0</rightitem>
      <scriptid>0</scriptid>
      <continue>0</continue>
    </spread>
    <kind>frames</kind>
    <memberships></memberships>
    <magnets>0</magnets>
    <active>0</active>
    <buildSupportScript>0</buildSupportScript>
    <textflowPrefix1Action>0</textflowPrefix1Action>
    <textflowPrefix1></textflowPrefix1>
    <textflowPrefixNAction>0</textflowPrefixNAction>
    <textflowPrefixN></textflowPrefixN>
    <color>0</color>
    <record>
      <id>0</id>
      <id2>0</id2>
      <id3>0</id3>
      <stringid></stringid>
    </record>
  </pageitem>
  <pageitem>
    <id>8</id>
    <name>ImageBlockDefault</name>
    <description></description>
    <data>
      <src>pageitems\data\8.indd</src>
    </data>
    <preview>
      <src>pageitems\preview\8.gif</src>
    </preview>
    <type>
      <id>0</id>
      <name>ohne Typangabe</name>
    </type>
    <state>
      <id>0</id>
      <value>ohne Statusangabe</value>
    </state>
    <domain>
      <id>0</id>
      <name>kein Mandant</name>
    </domain>
    <placeholder>
      <id>0</id>
      <name></name>
    </placeholder>
    <leftpos>-337.322835</leftpos>
    <toppos>839.040041</toppos>
    <rightpos>-53.275591</rightpos>
    <bottompos>1099.84252</bottompos>
    <spread>
      <position></position>
      <leftitem>0</leftitem>
      <middleitem>0</middleitem>
      <rightitem>0</rightitem>
      <scriptid>0</scriptid>
      <continue>0</continue>
    </spread>
    <kind>frames</kind>
    <memberships></memberships>
    <magnets>0</magnets>
    <active>0</active>
    <buildSupportScript>0</buildSupportScript>
    <textflowPrefix1Action>0</textflowPrefix1Action>
    <textflowPrefix1></textflowPrefix1>
    <textflowPrefixNAction>0</textflowPrefixNAction>
    <textflowPrefixN></textflowPrefixN>
    <color>0</color>
    <record>
      <id>0</id>
      <id2>0</id2>
      <id3>0</id3>
      <stringid></stringid>
    </record>
  </pageitem>
  <pageitem>
    <id>9</id>
    <name>TableBlockDefault</name>
    <description></description>
    <data>
      <src>pageitems\data\9.indd</src>
    </data>
    <preview>
      <src>pageitems\preview\9.gif</src>
    </preview>
    <type>
      <id>0</id>
      <name>ohne Typangabe</name>
    </type>
    <state>
      <id>0</id>
      <value>ohne Statusangabe</value>
    </state>
    <domain>
      <id>0</id>
      <name>kein Mandant</name>
    </domain>
    <placeholder>
      <id>0</id>
      <name></name>
    </placeholder>
    <leftpos>315.212598</leftpos>
    <toppos>1068.661417</toppos>
    <rightpos>541.984252</rightpos>
    <bottompos>1388.976378</bottompos>
    <spread>
      <position></position>
      <leftitem>0</leftitem>
      <middleitem>0</middleitem>
      <rightitem>0</rightitem>
      <scriptid>0</scriptid>
      <continue>0</continue>
    </spread>
    <kind>frames</kind>
    <memberships></memberships>
    <magnets>0</magnets>
    <active>0</active>
    <buildSupportScript>0</buildSupportScript>
    <textflowPrefix1Action>0</textflowPrefix1Action>
    <textflowPrefix1></textflowPrefix1>
    <textflowPrefixNAction>0</textflowPrefixNAction>
    <textflowPrefixN></textflowPrefixN>
    <color>0</color>
    <record>
      <id>0</id>
      <id2>0</id2>
      <id3>0</id3>
      <stringid></stringid>
    </record>
  </pageitem>
  <pageitem>
    <id>10</id>
    <name>Apparel_Cover</name>
    <description></description>
    <data>
      <src>pageitems\data\10.indd</src>
    </data>
    <preview>
      <src>pageitems\preview\10.gif</src>
    </preview>
    <type>
      <id>0</id>
      <name>No Type</name>
    </type>
    <state>
      <id>0</id>
      <value>no status</value>
    </state>
    <domain>
      <id>0</id>
      <name>no editor</name>
    </domain>
    <placeholder>
      <id>0</id>
      <name></name>
    </placeholder>
    <leftpos>36.0</leftpos>
    <toppos>2979.212598</toppos>
    <rightpos>559.275591</rightpos>
    <bottompos>3367.532978</bottompos>
    <spread>
      <position></position>
      <leftitem>0</leftitem>
      <middleitem>0</middleitem>
      <rightitem>0</rightitem>
      <scriptid>0</scriptid>
      <continue>0</continue>
    </spread>
    <kind>frames</kind>
    <memberships></memberships>
    <magnets>0</magnets>
    <active>3</active>
    <buildSupportScript>0</buildSupportScript>
    <textflowPrefix1Action>0</textflowPrefix1Action>
    <textflowPrefix1></textflowPrefix1>
    <textflowPrefixNAction>0</textflowPrefixNAction>
    <textflowPrefixN></textflowPrefixN>
    <color>0</color>
    <record>
      <id>0</id>
      <id2>0</id2>
      <id3>0</id3>
      <stringid></stringid>
    </record>
  </pageitem>
  <pageitem>
    <id>11</id>
    <name>Apparel_2Prod</name>
    <description></description>
    <data>
      <src>pageitems\data\11.indd</src>
    </data>
    <preview>
      <src>pageitems\preview\11.gif</src>
    </preview>
    <type>
      <id>0</id>
      <name>No Type</name>
    </type>
    <state>
      <id>0</id>
      <value>no status</value>
    </state>
    <domain>
      <id>0</id>
      <name>no editor</name>
    </domain>
    <placeholder>
      <id>0</id>
      <name></name>
    </placeholder>
    <leftpos>-566.929134</leftpos>
    <toppos>710.787402</toppos>
    <rightpos>-315.964616</rightpos>
    <bottompos>1390.890748</bottompos>
    <spread>
      <position></position>
      <leftitem>0</leftitem>
      <middleitem>0</middleitem>
      <rightitem>0</rightitem>
      <scriptid>0</scriptid>
      <continue>0</continue>
    </spread>
    <kind>frames</kind>
    <memberships></memberships>
    <magnets>0</magnets>
    <active>3</active>
    <buildSupportScript>0</buildSupportScript>
    <textflowPrefix1Action>0</textflowPrefix1Action>
    <textflowPrefix1></textflowPrefix1>
    <textflowPrefixNAction>0</textflowPrefixNAction>
    <textflowPrefixN></textflowPrefixN>
    <color>0</color>
    <record>
      <id>0</id>
      <id2>0</id2>
      <id3>0</id3>
      <stringid></stringid>
    </record>
  </pageitem>
  <pageitem>
    <id>12</id>
    <name>Apparel_4Prod</name>
    <description></description>
    <data>
      <src>pageitems\data\12.indd</src>
    </data>
    <preview>
      <src>pageitems\preview\12.gif</src>
    </preview>
    <type>
      <id>0</id>
      <name>No Type</name>
    </type>
    <state>
      <id>0</id>
      <value>no status</value>
    </state>
    <domain>
      <id>0</id>
      <name>no editor</name>
    </domain>
    <placeholder>
      <id>0</id>
      <name></name>
    </placeholder>
    <leftpos>-521.390171</leftpos>
    <toppos>1679.76378</toppos>
    <rightpos>-285.0645</rightpos>
    <bottompos>2034.982767</bottompos>
    <spread>
      <position></position>
      <leftitem>0</leftitem>
      <middleitem>0</middleitem>
      <rightitem>0</rightitem>
      <scriptid>0</scriptid>
      <continue>0</continue>
    </spread>
    <kind>frames</kind>
    <memberships></memberships>
    <magnets>0</magnets>
    <active>3</active>
    <buildSupportScript>0</buildSupportScript>
    <textflowPrefix1Action>0</textflowPrefix1Action>
    <textflowPrefix1></textflowPrefix1>
    <textflowPrefixNAction>0</textflowPrefixNAction>
    <textflowPrefixN></textflowPrefixN>
    <color>0</color>
    <record>
      <id>0</id>
      <id2>0</id2>
      <id3>0</id3>
      <stringid></stringid>
    </record>
  </pageitem>
  <pageitem>
    <id>13</id>
    <name>Apparel_4Prod_table</name>
    <description></description>
    <data>
      <src>pageitems\data\13.indd</src>
    </data>
    <preview>
      <src>pageitems\preview\13.gif</src>
    </preview>
    <type>
      <id>0</id>
      <name>No Type</name>
    </type>
    <state>
      <id>0</id>
      <value>no status</value>
    </state>
    <domain>
      <id>0</id>
      <name>no editor</name>
    </domain>
    <placeholder>
      <id>0</id>
      <name></name>
    </placeholder>
    <leftpos>34.968189</leftpos>
    <toppos>1679.762835</toppos>
    <rightpos>538.163356</rightpos>
    <bottompos>2034.981822</bottompos>
    <spread>
      <position></position>
      <leftitem>0</leftitem>
      <middleitem>0</middleitem>
      <rightitem>0</rightitem>
      <scriptid>0</scriptid>
      <continue>0</continue>
    </spread>
    <kind>frames</kind>
    <memberships></memberships>
    <magnets>0</magnets>
    <active>3</active>
    <buildSupportScript>0</buildSupportScript>
    <textflowPrefix1Action>0</textflowPrefix1Action>
    <textflowPrefix1></textflowPrefix1>
    <textflowPrefixNAction>0</textflowPrefixNAction>
    <textflowPrefixN></textflowPrefixN>
    <color>0</color>
    <record>
      <id>0</id>
      <id2>0</id2>
      <id3>0</id3>
      <stringid></stringid>
    </record>
  </pageitem>
  <pageitem>
    <id>30</id>
    <name>Electronics_Cover</name>
    <description></description>
    <data>
      <src>pageitems\data\30.indd</src>
    </data>
    <preview>
      <src>pageitems\preview\30.gif</src>
    </preview>
    <type>
      <id>0</id>
      <name>No Type</name>
    </type>
    <state>
      <id>0</id>
      <value>no status</value>
    </state>
    <domain>
      <id>0</id>
      <name>no editor</name>
    </domain>
    <placeholder>
      <id>0</id>
      <name></name>
    </placeholder>
    <leftpos>36.0</leftpos>
    <toppos>-105.13792</toppos>
    <rightpos>559.275591</rightpos>
    <bottompos>75.826772</bottompos>
    <spread>
      <position></position>
      <leftitem>0</leftitem>
      <middleitem>0</middleitem>
      <rightitem>0</rightitem>
      <scriptid>0</scriptid>
      <continue>0</continue>
    </spread>
    <kind>frames</kind>
    <memberships></memberships>
    <magnets>0</magnets>
    <active>3</active>
    <buildSupportScript>0</buildSupportScript>
    <textflowPrefix1Action>0</textflowPrefix1Action>
    <textflowPrefix1></textflowPrefix1>
    <textflowPrefixNAction>0</textflowPrefixNAction>
    <textflowPrefixN></textflowPrefixN>
    <color>0</color>
    <record>
      <id>0</id>
      <id2>0</id2>
      <id3>0</id3>
      <stringid></stringid>
    </record>
  </pageitem>
  <pageitem>
    <id>31</id>
    <name>Electronics_Category_Title</name>
    <description></description>
    <data>
      <src>pageitems\data\31.indd</src>
    </data>
    <preview>
      <src>pageitems\preview\31.gif</src>
    </preview>
    <type>
      <id>0</id>
      <name>No Type</name>
    </type>
    <state>
      <id>0</id>
      <value>no status</value>
    </state>
    <domain>
      <id>0</id>
      <name>no editor</name>
    </domain>
    <placeholder>
      <id>0</id>
      <name></name>
    </placeholder>
    <leftpos>-559.275591</leftpos>
    <toppos>636.944882</toppos>
    <rightpos>-36.0</rightpos>
    <bottompos>706.726624</bottompos>
    <spread>
      <position></position>
      <leftitem>0</leftitem>
      <middleitem>0</middleitem>
      <rightitem>0</rightitem>
      <scriptid>0</scriptid>
      <continue>0</continue>
    </spread>
    <kind>frames</kind>
    <memberships></memberships>
    <magnets>0</magnets>
    <active>3</active>
    <buildSupportScript>0</buildSupportScript>
    <textflowPrefix1Action>0</textflowPrefix1Action>
    <textflowPrefix1></textflowPrefix1>
    <textflowPrefixNAction>0</textflowPrefixNAction>
    <textflowPrefixN></textflowPrefixN>
    <color>0</color>
    <record>
      <id>0</id>
      <id2>0</id2>
      <id3>0</id3>
      <stringid></stringid>
    </record>
  </pageitem>
  <pageitem>
    <id>32</id>
    <name>Electronics_3Prod_portrait</name>
    <description></description>
    <data>
      <src>pageitems\data\32.indd</src>
    </data>
    <preview>
      <src>pageitems\preview\32.gif</src>
    </preview>
    <type>
      <id>0</id>
      <name>No Type</name>
    </type>
    <state>
      <id>0</id>
      <value>no status</value>
    </state>
    <domain>
      <id>0</id>
      <name>no editor</name>
    </domain>
    <placeholder>
      <id>0</id>
      <name></name>
    </placeholder>
    <leftpos>-559.275591</leftpos>
    <toppos>744.034946</toppos>
    <rightpos>-405.190193</rightpos>
    <bottompos>1330.146661</bottompos>
    <spread>
      <position></position>
      <leftitem>0</leftitem>
      <middleitem>0</middleitem>
      <rightitem>0</rightitem>
      <scriptid>0</scriptid>
      <continue>0</continue>
    </spread>
    <kind>frames</kind>
    <memberships></memberships>
    <magnets>0</magnets>
    <active>3</active>
    <buildSupportScript>0</buildSupportScript>
    <textflowPrefix1Action>0</textflowPrefix1Action>
    <textflowPrefix1></textflowPrefix1>
    <textflowPrefixNAction>0</textflowPrefixNAction>
    <textflowPrefixN></textflowPrefixN>
    <color>0</color>
    <record>
      <id>0</id>
      <id2>0</id2>
      <id3>0</id3>
      <stringid></stringid>
    </record>
  </pageitem>
  <pageitem>
    <id>33</id>
    <name>Electronics_3Prod_landscape</name>
    <description></description>
    <data>
      <src>pageitems\data\33.indd</src>
    </data>
    <preview>
      <src>pageitems\preview\33.gif</src>
    </preview>
    <type>
      <id>0</id>
      <name>No Type</name>
    </type>
    <state>
      <id>0</id>
      <value>no status</value>
    </state>
    <domain>
      <id>0</id>
      <name>no editor</name>
    </domain>
    <placeholder>
      <id>0</id>
      <name></name>
    </placeholder>
    <leftpos>-536.359252</leftpos>
    <toppos>1681.750984</toppos>
    <rightpos>-58.916339</rightpos>
    <bottompos>1892.548228</bottompos>
    <spread>
      <position></position>
      <leftitem>0</leftitem>
      <middleitem>0</middleitem>
      <rightitem>0</rightitem>
      <scriptid>0</scriptid>
      <continue>0</continue>
    </spread>
    <kind>frames</kind>
    <memberships></memberships>
    <magnets>0</magnets>
    <active>3</active>
    <buildSupportScript>0</buildSupportScript>
    <textflowPrefix1Action>0</textflowPrefix1Action>
    <textflowPrefix1></textflowPrefix1>
    <textflowPrefixNAction>0</textflowPrefixNAction>
    <textflowPrefixN></textflowPrefixN>
    <color>0</color>
    <record>
      <id>0</id>
      <id2>0</id2>
      <id3>0</id3>
      <stringid></stringid>
    </record>
  </pageitem>
  <pageitem>
    <id>34</id>
    <name>Electronics_3Prod_portrait_dynamic</name>
    <description></description>
    <data>
      <src>pageitems\data\34.indd</src>
    </data>
    <preview>
      <src>pageitems\preview\34.gif</src>
    </preview>
    <type>
      <id>0</id>
      <name>No Type</name>
    </type>
    <state>
      <id>0</id>
      <value>no status</value>
    </state>
    <domain>
      <id>0</id>
      <name>no editor</name>
    </domain>
    <placeholder>
      <id>0</id>
      <name></name>
    </placeholder>
    <leftpos>-559.276</leftpos>
    <toppos>-384.945</toppos>
    <rightpos>-405.190603</rightpos>
    <bottompos>111.17126</bottompos>
    <spread>
      <position></position>
      <leftitem>0</leftitem>
      <middleitem>0</middleitem>
      <rightitem>0</rightitem>
      <scriptid>0</scriptid>
      <continue>35</continue>
    </spread>
    <kind>frames</kind>
    <memberships></memberships>
    <magnets>1</magnets>
    <active>3</active>
    <buildSupportScript>0</buildSupportScript>
    <textflowPrefix1Action>0</textflowPrefix1Action>
    <textflowPrefix1></textflowPrefix1>
    <textflowPrefixNAction>0</textflowPrefixNAction>
    <textflowPrefixN></textflowPrefixN>
    <color>0</color>
    <record>
      <id>0</id>
      <id2>0</id2>
      <id3>0</id3>
      <stringid></stringid>
    </record>
  </pageitem>
  <pageitem>
    <id>35</id>
    <name>Electronics_3Prod_portrait_dynamic</name>
    <description></description>
    <data>
      <src>pageitems\data\35.indd</src>
    </data>
    <preview>
      <src>pageitems\preview\35.gif</src>
    </preview>
    <type>
      <id>0</id>
      <name>No Type</name>
    </type>
    <state>
      <id>0</id>
      <value>no status</value>
    </state>
    <domain>
      <id>0</id>
      <name>no editor</name>
    </domain>
    <placeholder>
      <id>0</id>
      <name></name>
    </placeholder>
    <leftpos>-559.276</leftpos>
    <toppos>636.945</toppos>
    <rightpos>-405.190603</rightpos>
    <bottompos>856.756125</bottompos>
    <spread>
      <position>continue</position>
      <leftitem>0</leftitem>
      <middleitem>0</middleitem>
      <rightitem>0</rightitem>
      <scriptid>0</scriptid>
      <continue>36</continue>
    </spread>
    <kind>frames</kind>
    <memberships></memberships>
    <magnets>1</magnets>
    <active>3</active>
    <buildSupportScript>0</buildSupportScript>
    <textflowPrefix1Action>0</textflowPrefix1Action>
    <textflowPrefix1></textflowPrefix1>
    <textflowPrefixNAction>0</textflowPrefixNAction>
    <textflowPrefixN></textflowPrefixN>
    <color>0</color>
    <record>
      <id>0</id>
      <id2>0</id2>
      <id3>0</id3>
      <stringid></stringid>
    </record>
  </pageitem>
</pageitems>
