<?xml version="1.0"?>
<!--
 [y] hybris Platform

 Copyright (c) 2017 SAP SE or an SAP affiliate company.  All rights reserved.

 This software is the confidential and proprietary information of SAP
 ("Confidential Information"). You shall not disclose such Confidential
 Information and shall use it only in accordance with the terms of the
 license agreement you entered into with SAP.
-->
<!--
	file:	 previewstatements.xml
-->
<previewstatements>
	<previewstatement>
		<id>0</id>
		<name>Default</name>
		<classid>0</classid>
		<needsselection>0</needsselection>
		<condition></condition>
		<statement></statement>
		<objectstatementid>0</objectstatementid>
		<sequencenr>0</sequencenr>
		<domain></domain>
		<isdefault>0</isdefault>
	</previewstatement>
	<previewstatement>
		<id>10</id>
		<name>Free image selection</name>
		<classid>6</classid>
		<needsselection>0</needsselection><!-- freie Auswahl -->
		<condition>
			&lt;selection.placeholder&gt; &gt; 0 and
			&lt;selection.class&gt; = 3
		</condition>
		<statement>
			getList=PreviewPanelHandler
			id=&lt;selection.ID&gt;
			id2=&lt;selection.ID&gt;
			id3=&lt;selection.ID3&gt;
			stringid=&lt;selection.stringID&gt;
			placeholder=&lt;selection.placeholder&gt;
			class=&lt;selection.class&gt;
			text=&lt;selection.text&gt;
			tagtext=&lt;selection.tagtext&gt;
			tagpath=&lt;selection.tagpath&gt;
		</statement>
		<objectstatementid>1000</objectstatementid>
		<sequencenr>10</sequencenr>
		<domain></domain>
		<isdefault>0</isdefault>
	</previewstatement>
	<previewstatement>
		<id>13</id>
		<name>Publication related images</name>
		<classid>6</classid>
		<needsselection>0</needsselection><!-- freie Auswahl -->
		<condition>
			&lt;selection.placeholder&gt; &gt; 0 and
			&lt;selection.class&gt; = 3
		</condition>
		<statement>
			getList=PreviewPanelHandler
			publication=true
			id=&lt;selection.ID&gt;
			id2=&lt;selection.ID&gt;
			id3=&lt;selection.ID3&gt;
			stringid=&lt;selection.stringID&gt;
			placeholder=&lt;selection.placeholder&gt;
			class=&lt;selection.class&gt;
			text=&lt;selection.text&gt;
			tagtext=&lt;selection.tagtext&gt;
			tagpath=&lt;selection.tagpath&gt;
		</statement>
		<objectstatementid>1000</objectstatementid>
		<sequencenr>11</sequencenr>
		<domain></domain>
		<isdefault>1</isdefault>
	</previewstatement>
	<previewstatement>
		<id>11</id>
		<name>Placeholder related images</name>
		<classid>6</classid>
		<needsselection>1</needsselection>
		<condition>
			&lt;selection.placeholder&gt; &gt; 0 and
			&lt;selection.class&gt; = 3
		</condition>
		<statement>
			getList=PreviewPanelHandler.Placeholder
			id=&lt;selection.ID&gt;
			id2=&lt;selection.ID&gt;
			id3=&lt;selection.ID3&gt;
			stringid=&lt;selection.stringID&gt;
			placeholder=&lt;selection.placeholder&gt;
			class=&lt;selection.class&gt;
			text=&lt;selection.text&gt;
			tagtext=&lt;selection.tagtext&gt;
			tagpath=&lt;selection.tagpath&gt;
		</statement>
		<objectstatementid>1000</objectstatementid>
		<sequencenr>10</sequencenr>
		<domain></domain>
		<isdefault>0</isdefault>
	</previewstatement>
	<previewstatement>
		<id>12</id>
		<name>Product related images</name>
		<classid>6</classid>
		<needsselection>2</needsselection>
		<condition>
			&lt;selection.placeholder&gt; &gt; 0 and
			&lt;selection.class&gt; = 3
		</condition>
		<statement>
			getList=PreviewPanelHandler.Placement
			selection.id=&lt;selection.ID&gt;
			selection.id2=&lt;selection.ID&gt;
			selection.id3=&lt;selection.ID3&gt;
			selection.stringid=&lt;selection.stringID&gt;
			placeholder=&lt;selection.placeholder&gt;
			class=&lt;selection.class&gt;
			text=&lt;selection.text&gt;
			tagtext=&lt;selection.tagtext&gt;
			placement.id=&lt;product.id&gt;
			placement.id2=&lt;product.id2&gt;
			placement.id3=&lt;product.id3&gt;
			id=&lt;product.stringid&gt;
		</statement>
		<objectstatementid>1000</objectstatementid>
		<sequencenr>10</sequencenr>
		<domain></domain>
		<isdefault>0</isdefault>
	</previewstatement>
</previewstatements>
